id,slug,title
1,100-jours-avant-ta-mort,
6,20th-century-boys,
11,66666-years-advent-of-the-dark-mage,
17,99-reinforced-wood-stick,
18,a-barbarian-was-admitted-to-the-academy,
19,a-barbarians-adventure-in-a-fantasy-world,
27,a-dragonslayers-peerless-regression,
31,a-mountain-of-corpses-a-sea-of-blood,
33,a-rank-party-wo-ridatsu-shita-ore-wa-moto-oshiego-tachi-to-meikyuu-shinbu-wo-mezasu,
39,absolute-dominion,
41,absolute-necromancer,
42,absolute-regression,
43,absolute-sword-sense,
44,academys-genius-swordmaster,
48,ace-attorney,
49,ace-of-diamond,
50,actually-i-am,
51,adabana,
52,adachi-to-shimamura,
53,adventure-time,
54,afro-samurai,
55,afterlife-inn-cooking,
56,aggretsuko,
57,aharen-san-wa-hakarenai,
58,ahiru-no-sora,
59,aho-girl,
60,ai-no-idenshi,
61,air-gear,
62,ajin,
63,akame-ga-kill,
64,akane-banashi,
65,akashic-records,
66,akatsuki-no-yona,
67,akebi-chan-no-sailor-fuku,
68,akiba-maid-war,
69,akira,
70,akudama-drive,
71,akuma-no-riddle,
72,akuyaku-reijou-tensei-ojisan,
73,akuyaku-reijou-wa-ringoku-no-outaishi-ni-dekiai-sareru,
74,alderamin-on-the-sky,
75,aldnoah-zero,
76,alice-and-zoroku,
77,alice-in-borderland,
78,alice-in-borderland-retry,
79,alice-in-borderlands,
80,all-my-alter-egos-are-tycoons,
81,all-of-us-are-dead,
82,all-out,
83,all-you-need-is-kill,
84,almachan-wa-kazoku-ni-naritai,
85,am-i-actually-the-strongest,
86,amaama-to-inazuma,
87,amagami-san-chi-no-enmusubi,
88,amagami-ss,
89,amagi-brillant-park,
90,ame-to-kimi-to,
91,ameku-takao-no-suiri-karte,
92,amnesia,
93,amour-sucre,
94,amphibia,
95,an-archdemons-dilemma-how-to-love-your-elf-bride,
96,angel-beats,
97,angel-voice,
98,angels-of-death,
99,anime-de-wakaru-shinryounaika,
100,anne-shirley,
101,ano-natsu-de-matteru,
102,anohana,
103,another,
104,anti-gods-dragon-system,
105,ao-ashi,
106,ao-chan-cant-study,
107,ao-haru-ride,
108,aoharu-x-kikanjuu,
109,aoi-hana,
110,apocalypse-hotel,
111,apocalyptic-thief,
112,apotheosis,
113,appare-ranman,
114,apres-la-pluie,
115,araburu-kisetsu,
116,arafou-otoko-no-isekai-tsuuhan,
117,arakawa-under-the-bridge,
118,arata-kangatari,
119,arcana-famiglia,
120,arcane,
121,arcane-sniper,
122,archmage-streamer,
123,archmage-transcending-through-regression,
124,are-you-lost,
125,area-d,
126,arifureta,
127,arknights,
128,arne-no-jikenbo,
129,arrietty-le-petit-monde-des-chapardeurs,
130,arte,
131,aru-majo-ga-shinu-made,
132,as-miss-beelzebub-likes-it,
133,asadora,
134,asagao-to-kase-san,
135,ascendance-of-a-bookworm,
136,ascension,
137,ashita-no-joe,
138,asobi-asobase,
139,assassination-classroom,
140,assassins-pride,
141,asteroid-in-love,
142,astro-note,
143,astro-royale,
144,asura,
145,atelier-ryza,
146,atri-my-dear-moments,
147,aura-koga-maryuins-last-war,
148,avatar-le-dernier-maitre-de-l-air,
149,ayaka,
150,ayakashi-triangle,
151,ayashimon,
152,azumanga-daioh,
153,azur-et-asmar,
154,azur-lane,
155,b-the-beginning,
156,baby-steps,
157,baccano,
158,back-street-girls,
159,bad-ending-maker,
160,bad-girl,
161,baek-xx,
162,baka-to-test-to-shoukanjuu,
163,baki,
164,bakuman,
165,bakuten,
166,ballpark-de-tsukamaete,
167,ballroom-e-youkoso,
168,banana-fish,
169,banished-from-the-heros-party,
170,barakamon,
171,baraou-no-souretsu,
172,barbarian-quest,
173,bartender-kami-no-glass,
174,bastard-ankoku-no-hakai-shin,
175,batard,
176,batman,
177,battle-game-in-5-seconds,
178,battle-royale,
179,battle-through-the-heavens,
180,be-a-princess-someday,
181,be-blues,
182,beast-tamer,
183,beastars,
184,beautiful-bones,
185,beck,
186,becoming-the-swordmaster-of-the-sichuan-tang-clan,
187,beelzebub,
188,belladonna-of-sadness,
189,belle,
190,ben-10,
191,berserk,
192,berserk-of-gluttony,
193,bestiarius,
194,betrothed-to-my-sisters-ex,
195,beyond-the-boundary,
196,biidama-no-tsuki,
197,billy-bat,
198,birdie-wing,
199,black-bullet,
200,black-butler,
201,black-cat,
202,black-clover,
203,black-lagoon,
204,black-rock-shooter,
205,black-summoner,
206,black-torch,
207,blade-of-retribution,
208,blade-of-the-immortal,
209,bleach,
210,blend-s,
211,blood-c,
212,blood-lad,
214,bloodhounds-regression-instinct,
216,bloom-into-you,
220,blue-eye-samurai,
230,bojack-horseman,
236,bonne-nuit-punpun,
244,bowblade-spirit,
245,boys-abyss,
246,brand-new-animal,
247,brave-10,
248,brave-story,
249,breakers,
250,btooom  ,
251,bubble,
252,bucchigire,
253,bucchigiri,
254,bucket-list-of-the-dead,
255,buddy-daddies,
256,build-divide,
257,bukiyou-na-senpai,
258,bulletbullet,
259,bungou-stray-dogs,
260,bungou-to-alchemist,
261,bureau-of-paranormal-investigation,
262,burn-the-witch,
263,busou-shoujo-machiavellism,
264,busu-ni-hanataba-wo,
265,by-the-grace-of-the-gods,
266,bye-bye-earth,
267,campione,
268,can-a-boy-girl-friendship-survive,
269,canaan,
270,candy-candy,
271,cannon-busters,
272,captain-tsubasa,
273,card-captor-sakura,
274,carole-tuesday,
275,castle,
276,castlevania,
277,catastrophic-necromancer,
278,catastrophic-priest,
279,cats-eye,
280,cautious-hero,
281,centuria,
282,chaika-the-coffin-princess,
283,chain-chronicle,
284,chainsaw-man,
285,champignon-witch,
286,change-moi,
287,chanto-suenai-kyuuketsukichan,
288,charlotte,
289,cheat-skill-level-up,
290,cheeky-love,
291,cherry-magic,
292,chi-no-yume,
293,chibi-revengers,
294,chihayafuru,
295,child-of-the-sheath,
296,childhood-friend-of-the-zenith,
297,chillin-in-another-world-with-level-2-super-cheat-powers,
298,chillin-in-my-30s-after-getting-fired-from-the-demon-kings-army,
299,chobits,
300,chocolat-et-vanilla,
301,chou-kaguya-hime,
302,choujin-x,
303,chronicles-of-heavenly-demon,
304,chronicles-of-the-demon-faction,
305,chronicles-of-the-lazy-sovereign,
306,chubby-love-and-mistakes,
307,cigarette-and-cherry,
308,citrus,
309,city-hall,
310,city-hunter,
311,city-the-animation,
312,clannad,
313,class-no-daikirai-na-joshi-to-kekkon-suru-koto-ni-natta,
314,classroom-for-heroes,
315,classroom-of-the-elite,
316,claymore,
317,clean-freak-aoyama-kun,
318,clevatess,
319,clockwork-planet,
320,clover,
321,code-adam,
322,code-breaker,
323,code-geass,
324,colorful,
325,colorful-stage-the-movie-a-miku-who-cant-sing,
326,comic-girl,
327,conquering-the-academy-with-just-a-sashimi-knife,
328,coppelion,
329,coq-de-combat,
330,coraline,
331,corpse-party,
332,cowboy-bebop,
333,craque-pour-moi-medaka,
334,criminelles-fiancailles,
335,crimson-wolf,
336,cross-ange,
337,cue,
338,cyberpunk-edgerunners,
339,d-frag,
340,d-gray-man,
341,d4dj-first-mix,
342,dad-is-a-hero-mom-is-a-spirit-im-a-reincarnator,
343,dagashi-kashi,
344,dahliya-artisane-magicienne,
345,dai-dark,
346,dakaichi-my-number-1,
347,damn-reincarnation,
348,dance-dance-danseur,
349,dandadan,
350,danganronpa,
351,danmachi,
352,danny-phantom,
353,danshi-koukousei-no-nichijou,
354,dao-of-the-bizarre-immortal,
355,dark-gathering,
356,dark-moon,
357,dark-mortal,
358,darker-than-black,
359,darling-in-the-franxx,
360,darwins-game,
361,darwins-incident,
362,date-a-live,
363,days,
364,dead-account,
365,dead-cells,
366,dead-dead-demons-dededededestruction,
367,dead-mount-death-play,
368,deadman-wonderland,
369,deaimon,
370,death-march,
371,death-note,
372,death-parade,
373,deca-dence,
374,dekin-no-mogura,
375,dekiru-neko-wa-kyou-mo-yuuutsu,
376,delicos-nursery,
377,demon-evolution,
378,demon-lord-and-one-room-hero,
379,demon-lord-retry,
380,demon-slave,
381,demon-slayer,
382,denjin-n,
383,denkigai-no-honya-san,
384,densetsu-no-yuusha-no-densetsu,
385,detective-conan,
386,devil-may-cry,
387,devilman-crybaby,
388,devils-line,
389,diabolik-lovers,
390,dickinson,
391,dies-irae,
392,digimon,
393,dimension-w,
394,disney-twisted-wonderland,
395,do-it-yourself,
396,dolly-kill-kill,
397,domestic-girlfriend,
398,doom-breaker,
399,dorohedoro,
400,dororo,
401,doukyuusei,
402,douse-koi-shite-shimaunda,
403,dr-stone,
404,dragon-ball,
405,dragon-ball-daima,
406,dragon-ball-gt,
407,dragon-ball-super,
408,dragon-ball-z,
409,dragon-devouring-mage,
410,dragon-ie-wo-kau,
414,drcl-midnight-children,
417,drug-eating-genius-mage,
419,duke-pendragon,
423,dungeon-house,
425,dungeon-odyssey,
427,dungeon-reset,
428,dungeons-artifacts,
431,ecrire-pour-exister,
441,engage-kiss,
442,erased,
443,ergo-proxy,
444,eris-no-seihai,
445,eromanga-sensei,
446,escape-room,
447,estio,
448,eternally-regressing-knight,
449,evangelion,
450,everyone-loves-her,
451,evil-heroes,
452,excel-saga,
453,existence,
454,extracurricular,
455,extraordinary-you,
456,eyeshield-21,
457,failure-frame,
458,failure-skill-nut-master,
459,fairies-album,
460,fairy-tail,
461,fallen-angels,
462,falling-into-your-smile,
463,family-business,
464,fantasy-bishoujo-juniku-oji-san-to,
465,farmagia,
466,farming-life-in-another-world,
467,fate,
468,fated-to-be-loved-by-villains,
469,fena-pirate-princess,
470,fermat-kitchen,
471,fff-class-trashero,
472,final-space,
473,fire-force,
474,fire-punch,
475,firefighter-daigo-rescuer-in-orange,
476,fireworks,
477,flcl,
478,flip-flappers,
479,flower-and-asura,
480,fluffy-paradise,
481,fog-of-five-elements,
482,food-court-de-mata-ashita,
483,food-for-the-soul,
484,food-wars,
485,fool-night,
486,foot-2-rue,
487,forced-to-become-the-villainous-son-in-law,
488,four-knights-of-the-apocalypse,
489,free,
490,frieren,
491,from-goblin-to-goblin-god,
492,from-the-new-world,
493,frozen-warrior,
494,fruits-basket,
495,fuguushoku-kanteishi-ga-jitsu-wa-saikyou-datta,
496,fujimoto-tatsuki-1726,
497,fukigen-na-mononokean,
498,full-dive,
499,full-time-awakening,
500,fullmetal-alchemist,
501,fullmetal-alchemist-brotherhood,
502,futari-solo-camp,
503,futsal-boys,
504,futurama,
505,fuuka,
506,fuuto-tantei,
507,gabriel-dropout,
508,gachiakuta,
509,gakuen-babysitters,
510,gakusen-toshi-asterisk,
511,galactik-football,
512,galaxy-express-999,
513,gamaran,
514,gamaran-le-tournoi-ultime,
515,gambling-school,
516,game-center-ibunka-kouryuu,
517,gamers,
518,ganbare-douki-chan,
519,gangsta,
520,gantz,
521,garouden,
522,gate,
523,gekkan-mousou-kagaku,
524,gekkan-shoujo-nozaki-kun,
525,genesis,
526,genius-archers-streaming,
527,genius-prismatic-mage,
528,genjitsu-no-yohane,
529,gensou-sangokushi-tengen-reishinki,
530,ghost-in-the-shell,
531,giant-beasts-of-ars,
532,giji-harem,
533,gimai-seikatsu,
534,gintama,
535,girls-band-cry,
536,girls-frontline,
537,girls-last-tour,
538,girls-und-panzer,
539,given,
540,gleipnir,
541,gnosia,
542,goblin-slayer,
543,god-eater,
544,god-level-assassin-im-the-shadow,
545,god-of-blackfield,
546,gods-games-we-play,
547,gokurakugai,
548,golden-boy,
549,golden-kamui,
550,golden-time,
551,goldorak,
552,goodbye-don-glees,
553,goodbye-eri,
554,goodnight-world,
555,gosick,
556,gosu,
557,goukon-ni-ittara-onna-ga-inakatta-hanashi,
558,goumon-baitokun-no-nichijou,
559,granblue-fantasy,
560,grancrest-senki,
561,grand-blue,
562,great-pretender,
563,great-teacher-onizuka,
564,grimgar,
565,grimoire-of-zero,
566,grisaia-no-kajitsu,
567,guilty-crown,
568,gunjou-no-fanfare,
569,gunnm,
570,gunslinger-girl,
571,gurren-lagann,
572,hachinantte-sore-wa-nai-deshou,
573,haibane-renmei,
574,haikyuu,
575,hajime-no-ippo,
576,hajimete-no-gal,
577,hakata-tonkotsu-ramens,
578,hakozume-kouban-joshi-no-gyakushuu,
579,hamatora,
580,hana-kimi,
581,hana-yori-dango,
582,hanamaru-youchien,
583,hanasaku-iroha,
584,hand-shakers,
585,handa-kun,
586,handyman-saitou-in-another-world,
587,hanebado,
588,happiness,
589,happy-sugar-life,
590,hardcore-leveling-warrior,
591,harukana-receive,
592,hataage-kemono-michi,
593,hataraku-maou-sama,
594,hazbin-hotel,
595,healer-girl,
596,hearstopper,
597,heat-the-pig-liver,
598,heaven-officials-blessing,
599,heavenly-demon-instructor,
600,heavenly-inquisition-sword,
601,heike-monogatari,
602,helck,
603,hell-mode,
604,hellbound,
605,hello-world,
606,hells-paradise,
607,hellsing,
608,helluva-boss,
609,helmut-the-forsaken-child,
610,henjin-no-salad-bowl,
611,her-summon,
612,hero-killer,
613,hero-skill-achats-en-ligne,
617,heros-fragile,
637,hinomaru-zumou,
638,hitori-no-shita-the-outcast,
639,hitoribocchi-no-seikatsu,
640,hitorijime-my-hero,
641,hoarding-in-hell,
642,hokkaido-gals-are-super-adorable,
643,hometown-cha-cha-cha,
644,homunculus,
645,honey-lemon-soda,
646,hoozuki-no-reitetsu,
647,horimiya,
648,horizon,
649,hoshi-no-samidare,
650,hotel-inhumans,
651,houseki-no-kuni,
652,how-a-realist-hero-rebuild-the-kingdom,
653,how-not-to-summon-a-demon-lord,
654,hundred,
655,hunter-x-hunter,
656,hyakuren-no-haou-to-seiyaku-no-valkyria,
657,hyouka,
658,i-am-the-fated-villain,
659,i-am-the-strongest-awakeners,
660,i-became-the-genius-bastard-of-a-noble-dark-clan,
661,i-became-the-king-by-scavenging,
662,i-became-the-tyrant-of-a-defense-game,
663,i-cant-understand-what-my-husband-is-saying,
664,i-contracted-myself,
665,i-grow-stronger-by-eating,
666,i-have-a-crush-at-work,
667,i-killed-an-academy-player,
668,i-level-up-by-absorbing-everything,
669,i-love-you-so-i-kill-you,
670,i-may-be-a-guild-receptionist-but-ill-solo-any-boss-to-clock-out-on-time,
671,i-obtained-a-mythic-item,
672,i-reincarnated-as-an-sssranked-goblin,
673,i-returned-as-an-fff-class-witch-doctor,
674,i-somehow-got-strong-by-raising-skills-related-to-farming,
675,i-want-to-eat-your-pancreas,
676,i-was-mistaken-as-a-monstrous-genius,
677,i-was-reincarnated-as-the-7th-prince,
678,i-will-parry-all,
679,ice-lord,
680,ichi-the-witch,
681,id-invaded,
682,idolish7,
683,idoly-pride,
684,if-its-for-my-daughter-id-even-defeat-a-demon-lord,
685,ijiranaide-nagatoro-san,
686,ikebukuro-west-gate-park,
687,ikigami,
688,ikoku-nikki,
689,ill-be-the-matriarch-in-this-life,
690,ill-become-a-villainess-that-will-go-down-in-history,
691,ill-retire-after-saving-the-world,
692,im-a-hero-but-the-heroines-are-trying-to-kill-me,
693,im-an-ex-class-hunter,
694,im-in-love-with-the-villainess,
695,im-living-with-an-otaku-neet-kunoichi,
696,im-not-that-kind-of-talent,
697,im-not-the-overlord,
698,im-standing-on-a-million-lives,
699,im-the-grim-reaper,
700,im-the-max-level-newbie,
701,im-the-villainess-so-im-taming-the-final-boss,
702,imagine-un-cambrousard,
703,immortal-vagabond,
704,imouza,
705,in-another-world-with-my-smartphone,
706,in-spectre,
707,in-the-heart-of-kunoichi-tsubaki,
708,in-the-night-consumed-by-blades-i-walk,
709,in-this-corner-of-the-world,
710,inazuma-eleven,
711,inexpressive-kashiwada-and-expressive-oota,
712,infinite-dendrogram,
713,infinite-mage,
714,infinite-stratos,
715,initial-d,
716,innocent,
717,inou-battle-wa-nichijoukei-no-naka-de,
718,insomniacs-after-school,
719,inu-x-boku-ss,
720,inuyasha,
721,inuyashiki,
722,invicible,
723,iroduku-le-monde-en-couleur,
724,isekai-cheat-magician,
725,isekai-izakaya-japanese-food-from-another-world,
726,isekai-no-sata-wa-shachiku-shidai,
727,isekai-ojisan,
728,isekai-quartet,
729,isekai-shikkaku,
730,isekai-yururi-kikou,
731,ishura,
732,island,
733,isshou-senkin,
734,itaewon-class,
735,ive-always-liked-you,
736,iwa-kakeru-climbing-girls,
737,izetta-the-last-witch,
738,izure-saikyou-no-renkinjutsushi,
739,jagaaan,
740,jahy-sama-wa-kujikenai,
741,jai-perdu-mon-corps,
742,jaku-chara-tomozaki-kun,
743,japan-sinks-2020,
744,jashin-chan-dropkick,
745,je-peux-entendre-l-ocean,
746,je-suis-un-assassin-et-je-surpasse-le-heros,
747,jiisan-baasan-wakagaeru,
748,jin-roh,
749,jingai-kyoushitsu-no-ningen-girai-kyoushi,
750,jirai-te-voir-dans-ma-prochaine-vie,
751,jojos-bizarre-adventure,
752,joker-game,
753,jormungand,
754,josee-le-tigre-et-les-poissons,
755,joshiraku,
756,joujuu-senjin-mushibugyou,
757,joukamachi-no-dandelion,
758,jouran-the-princess-of-snow-and-blood,
759,jujutsu-kaisen,
760,jun-la-voix-du-coeur,
761,jungle-juice,
762,junji-ito-collection,
763,junji-ito-maniac,
764,just-because,
765,juujika-no-rokunin,
766,juuni-taisen,
767,juvenile-detention-center,
768,juvenile-law,
769,k-on,
783,kalli-the-champion,
784,kamen-byoutou,
799,karaoke-iko,
800,karneval,
801,karyuudo-no-kakusei,
802,kasane-la-voleuse-de-visage,
803,katainaka-no-ossan-kensei-ni-naru,
804,katanagatari,
805,katekyo-hitman-reborn,
806,katsugeki-touken-ranbu,
807,katsute-kami-datta-kemono-tachi-e,
808,katsute-mahou-shoujo-to-aku-wa-tekitai-shiteita,
809,kawaii-dake-janai-shikimori-san,
810,kawaisugi-crisis,
811,kaya-chan-wa-kowakunai,
812,keep-your-hands-off-eizouken,
813,kekkai-sensen,
814,kemono-jihen,
815,ken-le-survivant,
816,kengan-ashura,
817,kengan-omega,
818,kenja-no-deshi-wo-nanoru-kenja,
819,kenshin-le-vagabond,
820,kids-on-the-slope,
821,kijin-gentoushou,
822,kikaijikake-no-marie,
823,kiki-la-petite-sorciere,
824,kilari,
825,kill-la-kill,
826,kill-the-dragon,
827,kill-the-hero,
828,killer-peter,
829,killing-killer,
830,killstagram,
831,kim-possible,
832,kimi-ni-todoke,
833,kimi-no-koe-wo-todoketai,
834,kimi-to-koete-koi-ni-naru,
835,kimi-wa-kanata,
836,kimi-wa-maid-sama,
837,kimisen,
838,kindergarten-wars,
839,king-of-violence,
840,kingdom,
841,kings-game,
842,kinos-journey,
843,kiruru-kill-me,
844,kiss-him-not-me,
845,kizetsu-yuusha-to-ansatsu-hime,
846,kiznaiver,
847,kizoku-tensei,
848,kizuna-no-allele,
849,knights-and-magic,
850,kobayashis-dragon-maid,
851,kodocha,
852,koi-to-senkyo-to-chocolate,
853,koi-wa-futago-de-warikirenai,
854,koikimo,
855,kokkoku,
856,kokoro-connect,
857,komi-cant-communicate,
858,kono-healer-mendokusai,
859,kono-oto-tomare,
860,kono-sekai-wa-fukanzen-sugiru,
861,konobi,
862,konohana-kitan,
863,konosuba,
864,koroshi-ai,
865,kotaro-en-solo,
866,koujo-denka-no-kateikyoushi,
867,koukaku-no-regios,
868,kowloon-generic-romance,
869,kpop-demon-hunter,
870,kubikiri-cycle,
871,kubo-wont-let-me-be-invisible,
872,kuchi-ga-saketemo-kimi-ni-wa,
873,kuma-kuma-kuma-bear,
874,kumo-desu-ga-nani-ka,
875,kung-fu-panda,
876,kuramerukagari,
877,kurayukaba,
878,kurogane-no-valhallian,
879,kuroko-no-basket,
880,kuromukuro,
881,kuzu-no-honkai,
882,kyoukai-senki,
883,kyousogiga,
884,kyuujitsu-no-warumono-san,
885,kyuuketsuki-sugu-shinu,
886,l-atelier-des-sorciers,
887,l-ere-des-surhommes,
888,l-expert-de-la-tour-tutoriel,
889,l-imperatrice-remariee,
890,l-oeuf-de-l-ange,
891,la-casa-de-papel,
892,la-chronique-des-bridgerton,
893,la-colline-aux-coquelicots,
894,la-duchesse-dechue,
895,la-fille-des-enfers,
896,la-flamme,
897,la-jacinthe-violette,
898,la-legende-de-korra,
899,la-nuit-des-demons,
900,la-princesse-et-la-bete,
901,la-sorciere-invincible-tueuse-de-slime-depuis-300-ans,
902,la-tortue-rouge,
903,la-tour-au-dela-des-nuages,
904,la-traversee-du-temps,
905,la-voie-du-tablier,
906,lady-georgie,
907,lady-oscar,
908,lance-dur,
909,last-game,
910,latna-saga-survival-of-a-sword-king,
911,lazaro,
912,le-bateau-de-thesee,
913,le-chateau-ambulant,
914,le-chateau-dans-le-ciel,
915,le-chateau-solitaire-dans-le-miroir,
916,le-college-noir,
917,le-conte-de-la-princesse-kaguya,
918,le-flambeau,
919,le-garcon-au-fusil,
920,le-garcon-da-cote,
921,le-garcon-et-la-bete,
922,le-garcon-et-le-heron,
923,le-haut-du-panier,
924,le-healer-rejete-est-invincible-au-combat,
925,le-monde-de-narnia,
926,le-monde-incroyable-de-gumball,
927,le-prix-du-reste-de-ma-vie,
928,le-puissant-dragon-vegan,
929,le-roi-lion,
930,le-royaume-des-chats,
931,le-tombeau-des-lucioles,
932,le-vent-se-leve,
933,le-voyage-de-chihiro,
934,leadale-no-daichi-nite,
935,lecteur-omniscient,
936,left-hand-layup,
937,legend-of-the-northern-blade,
938,legendary-youngest-son-of-the-marquis-house,
939,les-brigades-immunitaires,
940,les-carnets-de-lapothicaire,
941,les-contes-de-terremer,
942,les-enfants-de-la-baleine,
943,les-enfants-de-la-mer,
944,les-enfants-loups,
945,les-fleurs-du-mal,
946,les-intrigues-dune-borgia,
947,les-liens-du-sang,
948,les-memoires-de-vanitas,
949,les-mikails,
950,les-minions,
951,les-murs-vagabonds,
952,les-peches-capitaux-de-la-famille-ichinose,
953,les-quatre-freres-yuzuki,
954,les-simpson,
955,let-this-grieving-soul-retire,
956,lets-make-a-mug-too,
957,lets-play,
958,letter-bee,
959,level-1-dakedo-unique-skill-de-saikyou-desu,
960,level-1-player,
961,level-e,
962,level-up-with-skills,
963,leveling-up-by-only-eating,
964,leveling-up-with-a-sword,
965,leveling-with-the-gods,
966,leviathan,
967,leviathan-animation,
968,liar-game,
969,liar-liar,
970,lightning-degree,
971,lili-men,
973,limit-breaking-genius-mage,
979,logging-10000-years-into-the-future,
999,love-tyrant,
1000,lovely-complex,
1001,loving-yamada-at-lv999,
1002,luca,
1003,luck-and-logic,
1004,lucky-star,
1005,lumine,
1006,lupin,
1007,lycee-post-mortem,
1008,lycoris-recoil,
1009,maboroshi,
1010,machine-doll-wa-kizutsukanai,
1011,macross-delta,
1012,madan-no-ou-to-vanadis,
1013,made-in-abyss,
1014,magi-adventure-of-sinbad,
1015,magi-the-labyrinth-of-magic,
1016,magic-academys-genius-blinker,
1017,magic-emperor,
1018,magic-kyun-renaissance,
1019,magic-maker,
1020,magical-destroyers,
1021,magical-girl-holy-shit,
1022,magical-girl-site,
1023,magilumiere,
1024,mahou-shoujo-ikusei-keikaku,
1025,mahou-shoujo-madoka-magica,
1026,mahou-shoujo-madoka-magica-gaiden,
1027,mahoutsukai-reimeiki,
1028,majo-to-yajuu,
1029,major,
1030,majutsushi-kunon-wa-mieteiru,
1031,make-heroine-ga-ooisugiru,
1032,management-of-novice-alchemist,
1033,manager-kim,
1034,manchuria-opium-squad,
1035,maou-2099,
1036,maou-gun-saikyou-no-majutsushi-wa-ningen-datta,
1037,maou-jou-de-oyasumi,
1038,maou-no-musume-wa-yasashi-sugiru,
1039,maoyuu-maou-yuusha,
1040,maquia-when-the-promised-flower-blooms,
1041,march-comes-in-like-a-lion,
1042,marchen-crown,
1043,maria-no-danzai,
1044,marriage-toxin,
1045,marry-my-husband,
1046,martial-peak,
1047,masamune-kun-no-revenge,
1048,mashle,
1049,masked-noise,
1050,master-keaton,
1051,mattaku-saikin-no-tantei-to-kitara,
1052,mawaru-penguindrum,
1053,may-i-ask-for-one-final-thing,
1054,maybe-meant-to-be,
1055,mayonaka-heart-tune,
1056,mayonaka-punch,
1057,mecha-ude,
1058,medaka-box,
1059,medalist,
1060,megalo-box,
1061,megami-no-cafe-terrace,
1062,meiji-gekken-1874,
1063,meikyuu-black-company,
1064,mercenary-enrollment,
1065,mermaid-melody-pichi-pichi-pitch,
1066,mes-voisins-les-yamada,
1067,metallic-rouge,
1068,mf-ghost,
1069,michiko-to-hatchin,
1070,mieruko-chan,
1071,mightiest-melee-magician,
1072,migi-and-dali,
1073,miira-no-kaikata,
1074,mikadono-sanshimai-wa-angai-choroi,
1075,mikakunin-de-shinkoukei,
1076,mirai-ma-petite-soeur,
1077,mirai-nikki,
1078,mission-yozakura-family,
1079,mo-dao-zu-shi,
1080,mob-kara-hajimaru-tansaku-eiyuutan,
1081,mob-psycho-100,
1082,mobile-suit-gundam,
1083,moi-le-maitre-des-interdits,
1084,momentary-lily,
1085,momokuri,
1086,mon-anti-fan,
1087,mon-oni-a-moi,
1088,mon-plus-grand-secret,
1089,mon-voisin-totoro,
1090,mondaiji-tachi-desu-yo,
1091,mono,
1092,monogatari,
1093,mononoke,
1094,monster,
1095,monster-103-mercies-dragon-damnation,
1096,moonrise,
1097,more-than-a-married-couple-but-not-lovers,
1098,moriarty,
1099,mort-imminente,
1100,mother-parasite,
1101,mou-ippon,
1102,mount-hua-sects-genius-phantom-swordsman,
1103,mr-zombie,
1104,muchuu-sa-kimi-ni,
1105,murim-login,
1106,musaigen-no-phantom-world,
1107,mushishi,
1108,mushoku-tensei,
1109,my-clueless-first-friend,
1110,my-dad-is-too-strong,
1111,my-daemon,
1112,my-daughter-grew-up-to-rank-s-adventurer,
1113,my-deer-friend-nokotan,
1114,my-dress-up-darling,
1115,my-gift-lvl-9999-unlimited-gacha,
1116,my-happy-marriage,
1117,my-hero-academia,
1118,my-hero-academia-vigilantes,
1119,my-home-hero,
1120,my-instant-death-ability-is-so-overpowered,
1121,my-love-story,
1122,my-lovely-bodyguard,
1123,my-melody-and-kuromi,
1124,my-name,
1125,my-new-boss-is-goofy,
1126,my-next-life-as-a-villainess,
1127,my-one-hit-kill-sister,
1128,my-roommate-is-a-cat,
1129,my-school-life-pretending-to-be-a-worthless-person,
1130,my-stepmoms-daughter-is-my-ex,
1131,my-sweet-tyrant,
1132,my-tiny-senpai,
1133,my-wife-has-no-emotion,
1134,my-wife-is-from-a-thousand-years-ago,
1135,mynoghra,
1136,myst-might-mayhem,
1137,mysteria-friends,
1138,mysterious-disappearances,
1139,nabari,
1140,nagi-no-asukara,
1141,naka-no-hito-genome-jikkyouchuu,
1142,nan-hao-and-shang-feng,
1143,nan-yak,
1144,nana,
1145,nananas-buried-treasure,
1146,nanare-hananare,
1147,nanba-mg5,
1148,nanbaka,
1149,nano-machine,
1150,naruto,
1151,naruto-gaiden-la-spirale-au-coeur-du-tourbillon,
1152,naruto-sd-rock-lee,
1153,naruto-shippuden,
1154,natsume-yuujinchou,
1155,natsume-yuujinchou-shishi,
1158,necromancer-academys-genius-summoner,
1166,night-of-the-soulless-heathens,
1169,nine-peaks,
1177,no-game-no-life,
1178,noble-new-world-adventures,
1179,noblesse,
1180,non-non-biyori,
1181,noragami,
1182,nos-mots-comme-des-bulles,
1183,notre-jeunesse-en-orbite,
1184,noucome,
1185,nouvelle-ecole,
1186,ntr-netsuzou-trap,
1187,nurarihyon-no-mago,
1188,nyaight-of-the-living-cat,
1189,obi-wan-kenobi,
1190,oda-nobuna-no-yabou,
1191,odayaka-kizoku-no-kyuuka-no-susume,
1192,odd-taxi,
1193,ohoku,
1194,oi-tonbo,
1195,okiraku-ryoushu-no-tanoshii-ryouchi-bouei,
1196,okitsura,
1197,omaegotoki,
1198,on-gaku,
1199,one-outs,
1200,one-piece,
1201,one-punch-man,
1202,one-room-hi-atari-futsuu-tenshi-tsuki,
1203,onigamiden,
1204,onimai-im-now-your-sister,
1205,onmyou-kaiten-rebirth,
1206,operation-true-love,
1207,opus-colors,
1208,orange,
1209,orb-on-the-movements-of-the-earth,
1210,ordeal,
1211,ore-wa-seikan-kokka-no-akutoku-ryoushu,
1212,oregairu,
1213,oreimo,
1214,oreshura,
1215,oresuki,
1216,orient,
1217,oroka-na-tenshi-wa-akuma-to-odoru,
1218,osamake,
1219,osananajimi-to-wa-lovecom-ni-naranai,
1220,oshi-ga-budoukan-itte-kuretara-shinu,
1221,oshi-no-ko,
1222,otaku-elf,
1223,otherside-picnic,
1224,our-dating-story,
1225,ouran-high-school-host-club,
1226,ousama-ranking,
1227,out,
1228,outbreak-company,
1229,outlaw-star,
1230,over-the-garden-wall,
1231,overgeared,
1232,overlord,
1233,oversummoned-overpowered-and-over-it,
1234,overtake,
1235,owari-no-seraph,
1236,pandora-hearts,
1237,paprika,
1238,paradise-kiss,
1239,paradox-live,
1240,parallel-world-pharmacy,
1241,paranoia-agent,
1242,parasite,
1243,paripi-koumei,
1244,part-time-grim-reaper,
1245,pass-the-monster-meat-milady,
1246,past-life-returner,
1247,peach-boy-riverside,
1248,peerless-dad,
1249,penguin-highway,
1250,pere-et-fille,
1251,perfect-blue,
1252,perfect-crime,
1253,persona,
1254,phineas-et-ferb,
1255,piano-forest,
1256,pick-me-up,
1257,pigpen,
1258,ping-pong-the-animation,
1259,planetes,
1260,plastic-memories,
1261,platinum-end,
1262,play-it-cool-guys,
1263,player,
1264,player-who-returned-10-000-years-later,
1265,plunderer,
1266,pluto,
1267,poison-city,
1268,poison-dragon-the-legend-of-an-asura,
1269,pokemon,
1270,pompo-the-cinephile,
1271,pompoko,
1272,pon-no-michi,
1273,ponyo-sur-la-falaise,
1274,pop-team-epic,
1275,porco-rosso,
1276,potion-danomi-de-ikinobimasu,
1277,pour-le-pire,
1278,pretty-boy-detective-club,
1279,prima-doll,
1280,princess-connect-re-drive,
1281,princess-of-the-bibliophile,
1282,princess-principal,
1283,princesse-mononoke,
1284,princesse-sarah,
1285,prism-rondo,
1286,prison-school,
1287,prisonnier-riku,
1288,promare,
1289,promise-of-wizard,
1290,protocol-rain,
1291,psycho-pass,
1292,pumpkin-night,
1293,pyramid-game,
1294,qualidea-code,
1295,quest-supremacy,
1296,radiant,
1297,ragna-crimson,
1298,rahxephon,
1299,rainbow,
1300,rainbow-days,
1301,rakudai-kishi-no-cavalry,
1302,rankers-return,
1303,ranma1-2,
1304,ranpo-kitan-game-of-laplace,
1305,rascal-does-not-dream-of-bunny-girl-senpai,
1306,ratz,
1307,raven-of-the-inner-palace,
1308,re-creators,
1309,re-main,
1310,re-monster,
1311,re-zero,
1312,real,
1313,real-account,
1314,reality-quest,
1315,reaper-of-the-drifting-moon,
1316,rebirth-of-the-divine-demon,
1317,reborn-as-a-vending-machine,
1318,reborn-as-the-enemy-prince,
1319,reborn-rich,
1320,reborn-to-master-the-blade-from-hero-king-to-extraordinary-squire,
1321,recovery-of-an-mmo-junkie,
1322,red-raven,
1323,regressing-as-the-reincarnated-bastard-of-the-sword-clan,
1324,regressing-with-the-kings-power,
1325,regressor-instruction-manual,
1328,reincarnated-as-a-genius-prodigy-of-a-prestigious-family,
1330,reincarnation-of-a-martial-prodigy,
1331,reincarnation-of-the-fist-king,
1332,reincarnation-of-the-murim-clans-former-ranker,
1337,remplacement-de-fortune,
1340,rendez-vous-au-crepuscule,
1344,return-from-the-abyss,
1345,return-of-the-8th-class-magician,
1346,return-of-the-broken-constellation,
1347,return-of-the-frozen-player,
1348,return-of-the-genius-player,
1349,return-of-the-iron-blooded-hound,
1350,return-of-the-legendary-spear-knight,
1351,return-of-the-mad-demon,
1352,return-of-the-sss-class-demon-lord,
1353,return-of-the-sss-class-ranker,
1354,return-of-the-sword-godrank-civil-servant,
1355,return-to-player,
1356,returned-from-hell,
1357,revenger,
1358,reverend-insanity,
1359,rick-et-morty,
1360,ride-your-wave,
1361,rikekoi,
1362,rikudo,
1363,rising-impact,
1364,rock-is-a-ladys-modesty,
1365,rokka-braves-of-the-six-flowers,
1366,rokudou-no-onna-tachi,
1367,romantic-killer,
1368,romeo-x-juliet,
1369,romio-vs-juliet,
1370,ron-kamonohashi-deranged-detective,
1371,rosario-to-vampire,
1372,roshidere,
1373,run-with-the-wind,
1374,runway-de-waratte,
1375,ruri-dragon,
1376,ruri-rocks,
1377,rust,
1378,rwby,
1379,rymans-club,
1380,ryuuou-no-oshigoto,
1381,sabikui-bisco,
1382,saenai-heroine-no-sodatekata,
1383,sagrada-reset,
1384,saihate-no-paladin,
1385,saiki-kusuo,
1386,saikyou-tank-no-meikyuu-kouryaku,
1387,sailor-moon,
1388,saint-cecilia-and-pastor-lawrence,
1389,saint-seiya,
1390,saiyuki-reload-zeroin,
1391,sakamoto-days,
1392,sakamoto-desu-ga,
1393,sakasama-no-patema,
1394,sakugan,
1395,sakura-trick,
1396,sakurasou-no-pet-na-kanojo,
1397,salaryman-ga-isekai-ni-ittara-shitennou-ni-natta-hanashi,
1398,samurai-champloo,
1399,sand-land,
1400,sanda,
1401,sangs-et-papillons,
1402,sanrio-boys,
1403,sasaki-to-miyano,
1404,sasaki-to-p-chan,
1405,sasameki-koto,
1406,sasuke-retsuden,
1407,saving-80000-gold-in-another-world-for-my-retirement,
1408,savior-of-divine-blood,
1409,say-i-love-you,
1410,sayonara-ryuusei-konnichiwa-jinsei,
1411,scarlet-nexus,
1412,school-days,
1413,school-live,
1414,school-rumble,
1415,schwarzesmarken,
1416,scissor-seven,
1417,scott-pilgrim,
1418,seasons-of-blossom,
1419,second-life-ranker,
1420,seihantai-na-kimi-to-boku,
1421,seija-musou,
1422,seikai-suru-kado,
1423,seiken-gakuin-no-maken-tsukai,
1424,seiken-tsukai-no-world-break,
1425,seikoku-no-dragonar,
1426,seirei-gensouki-spirit-chronicles,
1427,seirei-tsukai-no-blade-dance,
1428,seiren,
1429,seitokai-yakuindomo,
1430,seiyuu-radio-no-uraomote,
1431,sekai-saikou-no-assassin,
1432,sengoku-basara,
1433,sengoku-youko,
1434,senpai-ga-uzai-kouhai-no-hanashi,
1435,senpai-wa-otokonoko,
1436,sentai-daishikkaku,
1437,sentai-red-isekai-de-boukensha-ni-naru,
1438,sentenced-to-brave-punishment,
1439,sentouin-hakenshimasu,
1440,seoul-station-necromancer,
1441,serial-experiments-lain,
1442,servamp,
1443,seven-deadly-sins,
1444,sewayaki-kitsune-no-senko-san,
1445,shabake,
1446,shadows-house,
1447,shakugan-no-shana,
1448,shakunetsu-kabaddi,
1449,shaman-king,
1450,shangri-la-frontier,
1451,shiboyugi,
1452,shichisei-no-subaru,
1453,shika-no-ou,
1454,shiki,
1455,shikkakumon-no-saikyou-kenja,
1456,shimoseka,
1457,shine-post,
1458,shingeki-kyojin-chuugakkou,
1459,shingeki-no-bahamut,
1460,shingeki-no-kyojin,
1461,shinigami-bocchan-to-kuro-maid,
1462,shinka-no-mi,
1463,shinmai-ossan-bokensha,
1464,shinobi-no-ittoki,
1465,shirayuki-aux-cheveux-rouges,
1466,shirobako,
1467,shirohiyo,
1468,shironeko-project,
1469,shokei-shoujo-no-ikiru-michi,
1470,shoot-goal-to-the-future,
1471,shoujo-tachi-wa-kouya-wo-mezasu,
1472,shoumetsu-toshi,
1473,shoushimin-series,
1474,shugo-chara,
1475,shuumatsu-touring,
1476,shuumatsu-train-doko-e-iku,
1477,shy,
1478,si-tu-tends-l-oreille,
1479,si-vis-the-sound-of-heroes,
1480,silent-witch,
1481,sing-a-bit-of-harmony,
1482,sirius-the-jaeger,
1483,sk8-the-infinity,
1484,sk8rs,
1485,skate-leading-stars,
1486,skeleton-knight-in-another-world,
1487,skeleton-soldier,
1488,skip-to-loafer,
1489,sky-high-survival,
1490,slam-dunk,
1491,slave-b,
1492,sleeping-ranker,
1493,slow-loop,
1494,smiling-friends,
1495,snack-basue,
1496,solo-farming-in-the-tower,
1497,solo-leveling,
1498,solo-login,
1499,solo-necromancy,
1500,solo-resurrection,
1501,solo-spell-caster,
1502,somali-to-mori-no-kamisama,
1503,sonic-prime,
1504,sonny-boy,
1509,south-park,
1510,souvenir-de-gravity-falls,
1517,spirits-seekers,
1522,sss-class-gacha-hunter,
1523,sss-class-revival-hunter,
1524,sss-grade-saint-knight,
1527,standard-of-reincarnation,
1529,star-embracing-swordmaster,
1530,star-instructor-master-baek,
1532,star-wars-tales-of-the-jedi,
1533,star-wars-visions,
1534,stardust-telepath,
1535,stars-align,
1536,starving-anonymous,
1537,steel-eating-player,
1538,steins-gate,
1539,steven-universe,
1540,story-of-lasting-period,
1541,stranger-things,
1542,strangers-from-hell,
1543,strike-the-blood,
1544,strike-witches,
1545,study-group,
1546,subzero,
1547,sugar-apple-fairy-tale,
1548,suicide-squad-isekai,
1549,suisei-no-gargantia,
1550,suka-suka,
1551,summer-ghost,
1552,summer-pockets,
1553,summer-wars,
1554,summoned-to-another-world-again,
1555,super-crooks,
1556,super-cub,
1557,super-cube,
1558,super-dragon-ball-heroes,
1559,super-evolution,
1560,surgeon-elise,
1561,surviving-as-a-genius-on-borrowed-time,
1562,surviving-the-game-as-a-barbarian,
1563,suzume,
1564,suzumiya-haruhi-no-yuuutsu,
1565,sweet-home,
1566,sweet-home2,
1567,sweet-reincarnation,
1568,sword-art-online,
1569,sword-gai-the-animation,
1570,sword-of-the-stranger,
1571,swordmasters-youngest-son,
1572,synduality-noir,
1573,tada-never-falls-in-love,
1574,tadaima-okaeri,
1575,taishou-otome-otogibanashi,
1576,taiso-samurai,
1577,takopis-original-sin,
1578,takt-op-destiny,
1579,talentless-nana,
1580,tales-of-demons-and-gods,
1581,tales-of-wedding-rings,
1582,tales-of-zestiria,
1583,tamako-love-story,
1584,tamako-market,
1585,tamayomi,
1586,tamons-b-side,
1587,tanaka-kun-is-always-listless,
1588,tantei-wa-mou-shindeiru,
1589,tasogare-outfocus,
1590,tasuuketsu,
1591,tearmoon-empire-story,
1592,tekken,
1593,tengoku-daimakyou,
1594,tenjou-tenge,
1595,tensei-akujo-no-kuro-rekishi,
1596,tensei-kenja-no-isekai-life,
1597,tensei-kizoku-kantei-skill-de-nariagaru,
1598,tensei-ouji-no-akaji,
1599,tensei-shitara-dragon-no-tamago-datta,
1600,tensei-shitara-slime-datta-ken,
1601,teogonia,
1602,teppen,
1603,terminally-ill-genius-dark-knight,
1604,terminator-zero,
1605,terra-formars,
1606,terror-in-resonance,
1607,terror-man,
1608,tesla-note,
1609,texhnolyze,
1610,the-100-girlfriends-who-really-really-really-really-really-love-you,
1611,the-academys-undercover-professor,
1612,the-all-devouring-whale,
1613,the-amazing-digital-circus,
1614,the-ancient-magus-bride,
1615,the-angel-next-door-spoils-me-rotten,
1616,the-aquatope-on-white-sand,
1617,the-banished-former-hero-lives-as-he-pleases,
1618,the-beginning-after-the-end,
1619,the-boondocks,
1620,the-boxer,
1621,the-breaker,
1622,the-brilliant-healers-new-life-in-the-shadows,
1623,the-bully-in-charge,
1624,the-constellation-that-returned-from-hell,
1625,the-constellations-are-my-disciples,
1626,the-counts-youngest-son-is-a-player,
1627,the-cuphead-show,
1628,the-daily-life-of-the-immortal-king,
1629,the-dark-mages-return-to-enlistment,
1630,the-day-i-became-a-god,
1631,the-demon-girl-next-door,
1632,the-demon-prince-and-momochi,
1633,the-descent-of-the-demonic-master,
1634,the-dinner-table-detective,
1635,the-divine-demons-grand-ascension,
1636,the-do-over-damsel-conquers-the-dragon-emperor,
1637,the-dreaming-boy-is-a-realist,
1638,the-druid-of-seoul-station,
1639,the-elusive-samurai,
1640,the-eminence-in-shadow,
1641,the-executioner,
1642,the-extras-academy-survival-guide,
1643,the-fable,
1644,the-fire-hunter,
1645,the-fox-eyed-villain-of-the-demon-academy,
1646,the-gamer,
1647,the-garden-of-sinners,
1648,the-garden-of-words,
1649,the-girl-downstairs,
1650,the-girl-from-random-chatting,
1651,the-girl-from-the-other-side,
1652,the-girl-i-like-forgot-her-glasses,
1653,the-god-of-high-school,
1654,the-golden-experience-point,
1655,the-gorilla-gods-go-to-girl,
1656,the-great-mage-returns-after-4000-years,
1658,the-greatest-estate-developer,
1660,the-healer-is-way-too-strong,
1661,the-heavenly-demon-cant-live-a-normal-life,
1662,the-heavenly-demon-wants-a-quiet-life,
1666,the-house-without-time,
1667,the-ice-guy-and-the-cool-girl,
1670,the-indomitable-martial-king,
1672,the-killer-inside,
1675,the-knight-king-who-returned-with-a-god,
1676,the-knight-of-embers,
1677,the-last-adventurer,
1678,the-last-summoner,
1679,the-legend-of-heroes-trails-of-cold-steel-northern-war,
1680,the-legendary-hero-is-an-academy-honors-student,
1681,the-light-of-a-firefly-forest,
1682,the-little-lies-we-all-tell,
1683,the-mafia-nanny,
1684,the-magic-tower-problematic-child,
1685,the-magical-revolution-of-the-reincarnated-princess-and-the-genius-young-lady,
1686,the-maid-i-hired-recently-is-mysterious,
1687,the-marshal-king,
1688,the-max-level-hero-has-returned,
1689,the-max-level-players-100th-regression,
1690,the-max-level-returner,
1691,the-millionaire-detective,
1692,the-misfit-of-demon-king-academy,
1693,the-mononoke-journal-by-chuzenji-sensei,
1694,the-most-heretical-last-boss-queen,
1695,the-most-notorious-talker,
1696,the-nebulas-civilization,
1697,the-necromancer-familys-young-heir,
1698,the-new-gate,
1699,the-newbie-is-too-strong,
1700,the-novels-extra,
1701,the-owl-house,
1702,the-perfect-insider,
1703,the-player-hides-his-past,
1704,the-player-that-cant-level-up,
1705,the-priest-of-corruption,
1706,the-promised-neverland,
1707,the-quintessential-quintuplets,
1708,the-regressed-mercenarys-machinations,
1709,the-regressed-son-of-a-duke-is-an-assassin,
1710,the-regressor-of-the-fallen-family,
1711,the-reincarnated-assassin-is-a-genius-swordsman,
1712,the-reincarnation-of-the-strongest-exorcist-in-another-world,
1713,the-return-of-the-back-alley-sorcerer,
1714,the-return-of-the-disaster-class-hero,
1715,the-return-of-the-mythical-archmage,
1716,the-returns-of-the-mount-hua-sect,
1717,the-rising-of-the-shield-hero,
1718,the-royal-tutor,
1719,the-s-classes-that-i-raised,
1720,the-saints-magic-power-is-omnipotent,
1721,the-shiunji-family-children,
1722,the-squid-girl,
1723,the-story-of-a-manga-artist-confined-by-a-strange-high-school-girl,
1724,the-strong-man-from-the-mental-hospital,
1725,the-summer-hikaru-died,
1726,the-sword-god-from-a-fallen-world,
1727,the-tale-of-the-outcasts,
1728,the-tatami-galaxy,
1729,the-terminally-ill-young-master-of-the-baek-clan,
1730,the-too-perfect-saint,
1731,the-unaware-atelier-master,
1732,the-unwanted-undead-adventurer,
1733,the-villain-of-the-octagon,
1734,the-villain-wants-to-live,
1735,the-warrior-returns,
1736,the-water-magician,
1737,the-weakest-tamer-began-a-journey-to-pick-up-trash,
1738,the-world-after-the-fall,
1739,the-world-ends-with-you,
1740,the-world-god-only-knows,
1741,the-world-is-still-beautiful,
1742,the-wrong-way-to-use-healing-magic,
1743,the-yakuzas-guide-to-babysitting,
1744,thermae-romae-novae,
1745,tiger-and-bunny,
1746,time-shadows,
1747,tis-time-for-torture-princess,
1748,to-be-hero,
1749,to-be-hero-x,
1750,to-be-heroine,
1751,to-every-you-ive-loved-before,
1752,to-me-the-one-who-loved-you,
1753,to-your-eternity,
1754,toaru-ossan-no-vrmmo-katsudouki,
1755,toilet-bound-hanako-kun,
1756,tojima-wants-to-be-a-kamen-rider,
1757,tokyo-24-ku,
1758,tokyo-ghoul,
1759,tokyo-ghoul-re,
1760,tokyo-magnitude-80,
1761,tokyo-mew-mew-new,
1762,tokyo-ravens,
1763,tokyo-revengers,
1764,tokyo-underworld,
1765,tomb-raider-king,
1766,tomie,
1767,tomo-chan-is-a-girl,
1768,tomodachi-game,
1769,tonari-no-kyuuketsuki-san,
1770,tonari-no-seki-kun,
1771,tong-ling-fei,
1772,top-boy,
1773,top-tier-providence,
1774,toradora,
1775,toriko,
1776,tougen-anki,
1777,touhai,
1778,toumei-otoko-to-ningen-onna,
1779,towa-no-yugure,
1780,tower-of-god,
1781,trait-hoarder,
1782,trapped-in-a-dating-sim-the-world-of-otome-games-is-tough-for-mobs,
1783,trash-of-the-counts-family,
1784,tribe-nine,
1785,trigun-stampede,
1786,trillion-game,
1787,trinity-seven,
1788,true-beauty,
1789,true-education,
1790,tsubasa-chronicle,
1791,tsue-to-tsurugi-no-wistoria,
1792,tsuihousha-shokudou-e-youkoso,
1793,tsuki-ga-kirei,
1803,uchikomi-lesprit-du-judo,
1809,umbrella-academy,
1814,un-jour-a-seoul,
1820,unlimited-level-up-with-my-immortality-skill,
1822,unnamed-memory,
1823,unordinary,
1824,uq-holder,
1825,uramichi-oniisan,
1826,urusei-yatsura,
1827,uruwashi-no-yoi-no-tsuki,
1828,usogui,
1829,utawarerumono,
1830,uzaki-chan-wa-asobitai,
1831,uzumaki,
1832,vagabond,
1833,valerian-and-laureline,
1834,valhalla-saga,
1835,valkyrie-apocalypse,
1836,vampire-dormitory,
1837,vampire-garden,
1838,vampire-hunter-d,
1839,vampire-knight,
1840,vanta-black,
1841,vermeil-in-gold,
1842,versatile-mage,
1843,vikings-valhalla,
1844,villain-to-kill,
1845,villain-unrivaled,
1846,villainess-level-99,
1847,vincenzo,
1848,vinland-saga,
1849,violet-evergarden,
1850,viral-hit,
1851,vision-d-escaflowne,
1852,vivid-strike,
1853,vivy-fluorite-eyes-song,
1854,voices-of-a-distant-star,
1855,voyage-vers-agartha,
1856,vtuber-legend,
1857,wakfu,
1858,wandance,
1859,wandering-witch,
1860,wangan-midnight,
1861,warau-arsnotoria-sun,
1862,wash-it-all-away,
1863,wasurenagumo,
1864,watamote,
1865,watanare,
1866,watarikun-no-xx-ga-houkai-sunzen,
1867,watashi-ni-tenshi-ga-maiorita,
1868,watatabe,
1869,wave-surfing-yappe,
1870,we-bare-bears,
1871,we-have-always-been-10-cm-apart,
1872,we-never-learn,
1873,weathering-with-you,
1874,webtoon-character-na-kang-lim,
1875,welcome-demon-school-teacher,
1876,welcome-to-demon-school-iruma-kun,
1877,when-will-ayumu-make-his-move,
1878,whisper-me-a-love-song,
1879,white-album-2,
1880,white-blood,
1881,why-i-quit-being-the-demon-king,
1882,why-nobody-remembers-my-world,
1883,wind-breaker,
1884,wind-breaker-manga,
1885,wise-mans-grandchild,
1886,witch-family,
1887,witch-watch,
1888,witchcraft-works,
1889,wolf-girl-and-black-prince,
1890,wonder-egg-priority,
1891,working,
1892,world-trigger,
1893,worlds-strongest-survivor,
1894,worn-and-torn-newbie,
1895,worthless-regression,
1896,wotaku-ni-koi-wa-muzukashii,
1897,x-and-ash,
1898,x-and-y,
1899,xxxholic,
1900,yaiba,
1901,yakitate-japan,
1902,yakuza-reincarnation,
1903,yamada-kun-to-7-nin-no-majo,
1904,yanokun-no-futsuu-no-hibi,
1905,yashahime-princess-half-demon,
1906,yasuke,
1907,yatagarasu,
1908,yesterday-wo-utatte,
1909,yi-nian-yong-heng,
1910,yo-kai-watch,
1911,yofukashi-no-uta,
1912,yomi-no-tsugai,
1913,yomotsu-hegui-shisha-no-kuni-no-kajitsu,
1914,yoru-ni-naru-to-boku-wa,
1915,yoru-no-kurage-wa-oyogenai,
1916,yoru-wa-mijikashi-aruke-yo-otome,
1917,youjo-senki,
1918,young-gto,
1919,your-forma,
1920,your-lie-in-april,
1921,your-name,
1922,your-talent-is-mine,
1923,youth-literature,
1924,youth-of-flavor,
1925,yowamushi-pedal,
1926,yozakura-quartet,
1927,yu-gi-oh,
1928,yuragi-sou-no-yuuna-san,
1929,yuri-is-my-job,
1930,yuri-on-ice,
1931,yuru-camp,
1932,yuru-yuri,
1933,yuusha-ga-shinda,
1934,yuusha-no-kuzu,
1935,yuusha-party-ni-kawaii-ko-ga-ita-node-kokuhaku-shitemita,
1936,yuusha-party-wo-oidasareta-kiyoubinbou,
1937,yuusha-party-wo-tsuihou-sareta-shiromadoushi,
1938,yuusha-yamemasu,
1939,yuyu-hakusho,
1940,yuyushiki,
1941,zatsu-tabi,
1942,zenshuu,
1943,zero-game,
1944,zero-no-tsukaima,
1945,zetsuen-no-tempest,
1946,zombie-land-saga,
1947,zombie-papa,
1948,zomgan,
